questions	answers
–∫—Ç–æ –≤—ã, —á—Ç–æ –∑–∞ –∫–æ–º–ø–∞–Ω–∏—è, —Ä–∞—Å—Å–∫–∞–∂–∏—Ç–µ –æ –≤–∞—Å, —á–µ–º –∑–∞–Ω–∏–º–∞–µ—Ç–µ—Å—å, –∫—Ç–æ —ç—Ç–∞ –∫–æ–º–ø–∞–Ω–∏—è, –æ–ø–∏—à–∏—Ç–µ –∫–æ–º–ø–∞–Ω–∏—é, —á—Ç–æ –≤—ã –¥–µ–ª–∞–µ—Ç–µ, —á–µ–º –∑–∞–Ω–∏–º–∞–µ—Ç—Å—è –∫–æ–º–ø–∞–Ω–∏—è, –≤—ã –∫—Ç–æ, –∫—Ç–æ —Ç–∞–∫–∏–µ, –≤–∞—à–∞ —Ñ–∏—Ä–º–∞, –≤–∞—à–∞ –∫–æ–º–ø–∞–Ω–∏—è	–ú—ã —Å–ø–µ—Ü–∏–∞–ª–∏–∑–∏—Ä—É–µ–º—Å—è –Ω–∞ –æ–±—É—á–µ–Ω–∏–∏ –±–∏—Ä–∂–µ–≤–æ–π —Ç–æ—Ä–≥–æ–≤–ª–µ –Ω–∞ —Ä—ã–Ω–∫–µ Forex, —Å–æ–ø—Ä–æ–≤–æ–∂–¥–µ–Ω–∏–∏ —Ç—Ä–µ–π–¥–µ—Ä–æ–≤ –∏ –ø—Ä–µ–¥–æ—Å—Ç–∞–≤–ª–µ–Ω–∏–∏ —É—Å–ª—É–≥ –ø–æ –ø–∞—Å—Å–∏–≤–Ω–æ–º—É –¥–æ—Ö–æ–¥—É —á–µ—Ä–µ–∑ –∫–æ–ø–∏—Ä–æ–≤–∞–Ω–∏–µ —Å–¥–µ–ª–æ–∫. –ù–∞—à–∞ —Ü–µ–ª—å ‚Äî –ø–æ–º–æ—á—å –∫–ª–∏–µ–Ω—Ç–∞–º –∑–∞—Ä–∞–±–∞—Ç—ã–≤–∞—Ç—å –Ω–∞ —Ñ–∏–Ω–∞–Ω—Å–æ–≤—ã—Ö —Ä—ã–Ω–∫–∞—Ö —É–≤–µ—Ä–µ–Ω–Ω–æ –∏ –±–µ–∑–æ–ø–∞—Å–Ω–æ.
–æ–±—É—á–µ–Ω–∏–µ, –∫—É—Ä—Å—ã, –∫–∞–∫ –Ω–∞—É—á–∏—Ç—å—Å—è, –æ–±—É—á–µ–Ω–∏–µ —Ñ–æ—Ä–µ–∫—Å, –æ–±—É—á–µ–Ω–∏–µ —Ñ–æ—Ä—ç–∫—Å, forx –æ–±—É—á–µ–Ω–∏–µ, forex –æ–±—É—á–µ–Ω–∏–µ, —Ç—Ä–µ–Ω–∏–Ω–≥, –æ–±—É—á–µ–Ω–∏–µ —Ç—Ä–µ–π–¥–∏–Ω–≥—É, —É—Ä–æ–∫–∏ —Ñ–æ—Ä–µ–∫—Å, —É—á–∏—Ç—å—Å—è —Ç–æ—Ä–≥–æ–≤–∞—Ç—å, —à–∫–æ–ª–∞ —Ñ–æ—Ä–µ–∫—Å, –∫—É—Ä—Å—ã —Ç—Ä–µ–π–¥–∏–Ω–≥–∞, —Ñ–æ—Ä–µ–∫—Å –∫—É—Ä—Å—ã, —Ñ–æ—Ä—ç–∫—Å –∫—É—Ä—Å—ã, forex training	–ú—ã –ø—Ä–µ–¥–ª–∞–≥–∞–µ–º –∞–≤—Ç–æ—Ä—Å–∫—É—é –ø—Ä–æ–≥—Ä–∞–º–º—É –æ–±—É—á–µ–Ω–∏—è —Ç–æ—Ä–≥–æ–≤–ª–µ –Ω–∞ —Ä—ã–Ω–∫–µ Forex. –ü–æ–¥—Ö–æ–¥–∏—Ç –¥–ª—è –Ω–∞—á–∏–Ω–∞—é—â–∏—Ö –∏ –ø—Ä–æ–¥–≤–∏–Ω—É—Ç—ã—Ö —Ç—Ä–µ–π–¥–µ—Ä–æ–≤. –í–∫–ª—é—á–∞–µ—Ç —Ç–µ–æ—Ä–∏—é, –ø—Ä–∞–∫—Ç–∏–∫—É –∏ –ø–æ–¥–¥–µ—Ä–∂–∫—É –Ω–∞—Å—Ç–∞–≤–Ω–∏–∫–∞. –ü–æ—Å–ª–µ –æ–±—É—á–µ–Ω–∏—è –≤—ã —Å–º–æ–∂–µ—Ç–µ –ø—Ä–∏—Å–æ–µ–¥–∏–Ω–∏—Ç—å—Å—è –∫ –Ω–∞—à–µ–º—É —Å–æ–æ–±—â–µ—Å—Ç–≤—É, —á—Ç–æ–±—ã –ø–æ–ª—É—á–∞—Ç—å —Ç–æ—Ä–≥–æ–≤—ã–µ —Å–∏–≥–Ω–∞–ª—ã –∏ —Ç–æ—Ä–≥–æ–≤–∞—Ç—å —Å –ø–æ–¥–¥–µ—Ä–∂–∫–æ–π –Ω–∞—Å—Ç–∞–≤–Ω–∏–∫–∞. –ü–æ–¥—Ä–æ–±–Ω–µ–µ –æ–± –æ–±—É—á–µ–Ω–∏–∏: <a href='https://ru.take-profit.pro/learn/'>–ø–µ—Ä–µ–π—Ç–∏ –Ω–∞ —Å—Ç—Ä–∞–Ω–∏—Ü—É –æ–±—É—á–µ–Ω–∏—è –Ω–∞ —Å–∞–π—Ç–µ</a>. 
—Å–æ–ø—Ä–æ–≤–æ–∂–¥–µ–Ω–∏–µ, –ø–æ–º–æ—â—å –≤ —Ç–æ—Ä–≥–æ–≤–ª–µ, –ø–æ–¥–¥–µ—Ä–∂–∫–∞ —Ç—Ä–µ–π–¥–µ—Ä–æ–≤, –∫–æ–Ω—Å—É–ª—å—Ç–∞—Ü–∏–∏, –º–µ–Ω—Ç–æ—Ä, –Ω–∞—Å—Ç–∞–≤–Ω–∏–∫, –ø–æ–º–æ—â—å —Ç—Ä–µ–π–¥–µ—Ä—É, —Å–æ–≤–µ—Ç—ã –ø–æ —Ç–æ—Ä–≥–æ–≤–ª–µ, —Ç–æ—Ä–≥–æ–≤—ã–µ —Å–∏–≥–Ω–∞–ª—ã, —Ç—Ä–µ–π–¥–µ—Ä –ø–æ–º–æ—â—å, –ø–æ–¥–¥–µ—Ä–∂–∫–∞, –∫–æ–Ω—Å–∞–ª—Ç–∏–Ω–≥ —Ñ–æ—Ä–µ–∫—Å, —Å–æ–ø—Ä–æ–≤–æ–∂–¥–µ–Ω–∏–µ —Ñ–æ—Ä–µ–∫—Å	–ú—ã –ø—Ä–µ–¥–æ—Å—Ç–∞–≤–ª—è–µ–º —É—Å–ª—É–≥—É —Å–æ–ø—Ä–æ–≤–æ–∂–¥–µ–Ω–∏—è —Ç—Ä–µ–π–¥–µ—Ä–æ–≤. –ê–Ω–∞–ª–∏–∑ —Ä—ã–Ω–∫–∞ –∏ —Ç–æ—Ä–≥–æ–≤—ã—Ö —Å–∏—Ç—É–∞—Ü–∏–π, —Ä–µ–∫–æ–º–µ–Ω–¥–∞—Ü–∏–∏ –ø–æ —Å—Ç—Ä–∞—Ç–µ–≥–∏—è–º –∏ —Ä–∏—Å–∫-–º–µ–Ω–µ–¥–∂–º–µ–Ω—Ç—É, –ø–µ—Ä—Å–æ–Ω–∞–ª—å–Ω—ã–µ –∫–æ–Ω—Å—É–ª—å—Ç–∞—Ü–∏–∏. –≠—Ç–æ –ø–æ–º–æ–≥–∞–µ—Ç –Ω–∞—à–∏–º –∫–ª–∏–µ–Ω—Ç–∞–º —Ç–æ—Ä–≥–æ–≤–∞—Ç—å —É–≤–µ—Ä–µ–Ω–Ω–µ–µ –∏ –∏–∑–±–µ–≥–∞—Ç—å —Ç–∏–ø–∏—á–Ω—ã—Ö –æ—à–∏–±–æ–∫. –ü–æ–¥—Ä–æ–±–Ω–µ–µ: [–°–°–´–õ–ö–ê –ù–ê –°–¢–†–ê–ù–ò–¶–£ –°–û–ü–†–û–í–û–ñ–î–ï–ù–ò–Ø].
–ø–∞—Å—Å–∏–≤–Ω—ã–π –¥–æ—Ö–æ–¥, –∏–Ω–≤–µ—Å—Ç–∏—Ä–æ–≤–∞—Ç—å, –≤–ª–æ–∂–∏—Ç—å –¥–µ–Ω—å–≥–∏, –ø–∞—Å—Å–∏–≤–Ω—ã–π –∑–∞—Ä–∞–±–æ—Ç–æ–∫, –∫–æ–ø–∏—Ä–æ–≤–∞–Ω–∏–µ —Å–¥–µ–ª–æ–∫, –∫–æ–ø–∏—Ä–æ–≤–∞—Ç—å —Å–¥–µ–ª–∫–∏, –∞–≤—Ç–æ—Ç—Ä–µ–π–¥–∏–Ω–≥, —Ç–æ—Ä–≥–æ–≤–ª—è –±–µ–∑ —É—á–∞—Å—Ç–∏—è, –∑–∞ –º–µ–Ω—è —Ç–æ—Ä–≥—É—é—Ç, –∫–æ–ø–∏ —Ç—Ä–µ–π–¥–∏–Ω–≥, –∫–æ–ø–∏—Ç—Ä–µ–π–¥–∏–Ω–≥, copy trading, copytrading, –∏–Ω–≤–µ—Å—Ç –ø–∞—Å—Å–∏–≤, –ø–∞—Å—Å–∏–≤, –ø–æ–¥–∫–ª—é—á–∏—Ç—å –∫–æ–ø–∏—Ä–æ–≤–∞–Ω–∏–µ	–ú—ã –ø—Ä–µ–¥–ª–∞–≥–∞–µ–º –≤–æ–∑–º–æ–∂–Ω–æ—Å—Ç—å –ø–æ–ª—É—á–∞—Ç—å –ø–∞—Å—Å–∏–≤–Ω—ã–π –¥–æ—Ö–æ–¥ —á–µ—Ä–µ–∑ –∫–æ–ø–∏—Ä–æ–≤–∞–Ω–∏–µ –Ω–∞—à–∏—Ö —Å–¥–µ–ª–æ–∫. –í—ã –ø–æ–¥–∫–ª—é—á–∞–µ—Ç–µ—Å—å –∫ —Å–∏—Å—Ç–µ–º–µ –∫–æ–ø–∏—Ä–æ–≤–∞–Ω–∏—è —Å–¥–µ–ª–æ–∫, –≤—Å–µ —Å–¥–µ–ª–∫–∏ –∞–≤—Ç–æ–º–∞—Ç–∏—á–µ—Å–∫–∏ –ø–æ–≤—Ç–æ—Ä—è—é—Ç—Å—è –Ω–∞ –≤–∞—à–µ–º —Å—á—ë—Ç–µ. –í—ã –ø–æ–ª—É—á–∞–µ—Ç–µ –ø—Ä–∏–±—ã–ª—å –±–µ–∑ –Ω–µ–æ–±—Ö–æ–¥–∏–º–æ—Å—Ç–∏ —Å–∞–º–æ—Å—Ç–æ—è—Ç–µ–ª—å–Ω–æ –∞–Ω–∞–ª–∏–∑–∏—Ä–æ–≤–∞—Ç—å —Ä—ã–Ω–æ–∫ –∏–ª–∏ —Ç–æ—Ä–≥–æ–≤–∞—Ç—å - <a href='https://ru.take-profit.pro/copy-trading/'>–ø–æ–¥—Ä–æ–±–Ω–µ–µ –Ω–∞ –Ω–∞—à–µ–º —Å–∞–π—Ç–µ</a>.
—Ü–µ–Ω—ã, —Å–∫–æ–ª—å–∫–æ —Å—Ç–æ–∏—Ç, —Ç–∞—Ä–∏—Ñ—ã, –ø—Ä–∞–π—Å, —Å—Ç–æ–∏–º–æ—Å—Ç—å –æ–±—É—á–µ–Ω–∏—è, —Å—Ç–æ–∏–º–æ—Å—Ç—å —É—Å–ª—É–≥, —Å–∫–æ–ª—å–∫–æ –ø–ª–∞—Ç–∏—Ç—å, —Ü–µ–Ω–∞ –∫—É—Ä—Å–∞, –ø–ª–∞—Ç–Ω–æ –ª–∏, —Ü–µ–Ω–∞ —Å–æ–ø—Ä–æ–≤–æ–∂–¥–µ–Ω–∏—è, —Å—Ç–æ–∏–º–æ—Å—Ç—å, –ø—Ä–∞–π—Å –ª–∏—Å—Ç, —Ü–µ–Ω–∞	–ö—É—Ä—Å ‚Äú–¢–æ—Ä–≥–æ–≤–∞—è —Å–∏—Å—Ç–µ–º–∞ Smart Money‚Äù –¥–æ—Å—Ç—É–ø–µ–Ω <b>–±–µ—Å–ø–ª–∞—Ç–Ω–æ</b>. –°—Ç–æ–∏–º–æ—Å—Ç—å –ø–æ–¥–ø–∏—Å–∫–∏ –Ω–∞ –¥–æ—Å—Ç—É–ø –∫ –Ω–∞—à–µ–º—É —Å–æ–æ–±—â–µ—Å—Ç–≤—É (—Ç–æ—Ä–≥–æ–≤—ã–µ —Å–∏–≥–Ω–∞–ª—ã, –ø–æ–º–æ—â—å –Ω–∞—Å—Ç–∞–≤–Ω–∏–∫–∞) –æ–ø—Ä–µ–¥–µ–ª—è–µ—Ç—Å—è –∏–Ω–¥–∏–≤–∏—É–∞–ª—å–Ω–æ ‚Äì —Å–≤—è–∂–∏—Ç–µ—Å—å —Å –Ω–∞–º–∏.
–∫–æ–Ω—Ç–∞–∫—Ç—ã, —Ç–µ–ª–µ—Ñ–æ–Ω, –∞–¥—Ä–µ—Å, –∫–∞–∫ —Å–≤—è–∑–∞—Ç—å—Å—è, email, –ø–æ—á—Ç–∞, —Å–≤—è–∑—å, –≥–¥–µ –æ—Ñ–∏—Å, –Ω–æ–º–µ—Ä —Ç–µ–ª–µ—Ñ–æ–Ω–∞, telegram, whatsapp, –∫–æ–Ω—Ç–∞–∫—Ç, –∫–æ–Ω—Ç–∞–∫—Ç–Ω—ã–µ –¥–∞–Ω–Ω—ã–µ, —Å–∞–π—Ç –∫–æ–Ω—Ç–∞–∫—Ç—ã	–°–≤—è–∑–∞—Ç—å—Å—è —Å –Ω–∞–º–∏ –º–æ–∂–Ω–æ –ø–æ —á–µ—Ä–µ–∑ —ç—Ç–æ—Ç —á–∞—Ç, –Ω–∞–∂–∞–≤ –≤ –º–µ–Ω—é –ø—É–Ω–∫—Ç ‚Äú–°–≤—è–∑–∞—Ç—å—Å—è —Å –Ω–∞–º–∏‚Äù. –ò–ª–∏ —á–µ—Ä–µ–∑ –º–µ—Å—Å–µ–Ω–¥–∂–µ—Ä WhatsUp ‚Äì —Å–º. –Ω–∞ <a href=‚Äùhttps://ru.take-profit.pro/contacts/‚Äù>–Ω–∞—à–µ–º —Å–∞–π—Ç–µ</a>.
–≥–∞—Ä–∞–Ω—Ç–∏—è, —Ä–∏—Å–∫–∏, –Ω–∞–¥–µ–∂–Ω–æ—Å—Ç—å, –±–µ–∑–æ–ø–∞—Å–Ω–æ—Å—Ç—å, –º–æ—à–µ–Ω–Ω–∏—á–µ—Å—Ç–≤–æ, —Ä–∏—Å–∫ –ø–æ—Ç–µ—Ä—å, –≥–∞—Ä–∞–Ω—Ç–∏—Ä–æ–≤–∞–Ω–Ω–∞—è –ø—Ä–∏–±—ã–ª—å, –æ–ø–∞—Å–Ω–æ –ª–∏, –±–µ–∑–æ–ø–∞—Å–Ω–æ –ª–∏, –µ—Å—Ç—å –ª–∏ –≥–∞—Ä–∞–Ω—Ç–∏—è, —Ä–∏—Å–∫–∏ —Ç–æ—Ä–≥–æ–≤–ª–∏, –±–µ–∑ —Ä–∏—Å–∫–æ–≤	–§–æ—Ä–µ–∫—Å ‚Äî —ç—Ç–æ —Ä—ã–Ω–æ–∫ —Å —Ñ–∏–Ω–∞–Ω—Å–æ–≤—ã–º–∏ —Ä–∏—Å–∫–∞–º–∏, –ø–æ—ç—Ç–æ–º—É –º—ã –≤—Å–µ–≥–¥–∞ —á–µ—Å—Ç–Ω–æ –ø—Ä–µ–¥—É–ø—Ä–µ–∂–¥–∞–µ–º –∫–ª–∏–µ–Ω—Ç–æ–≤. –ú—ã –æ–±—É—á–∞–µ–º –≥—Ä–∞–º–æ—Ç–Ω–æ–º—É —Ä–∏—Å–∫-–º–µ–Ω–µ–¥–∂–º–µ–Ω—Ç—É, –≤ —Å–æ–ø—Ä–æ–≤–æ–∂–¥–µ–Ω–∏–∏ –ø–æ–º–æ–≥–∞–µ–º –ø—Ä–∏–Ω–∏–º–∞—Ç—å –≤–∑–≤–µ—à–µ–Ω–Ω—ã–µ —Ä–µ—à–µ–Ω–∏—è, –∞ –≤ –ø–∞—Å—Å–∏–≤–Ω–æ–º –¥–æ—Ö–æ–¥–µ —á–µ—Ä–µ–∑ –∫–æ–ø–∏—Ä–æ–≤–∞–Ω–∏–µ —Å–¥–µ–ª–æ–∫ —Ä–∞–±–æ—Ç–∞–µ–º —Å –ø—Ä–æ–≤–µ—Ä–µ–Ω–Ω—ã–º–∏ —Å—Ç—Ä–∞—Ç–µ–≥–∏—è–º–∏. –ù–∞—à–∞ —Ü–µ–ª—å ‚Äî –º–∏–Ω–∏–º–∏–∑–∏—Ä–æ–≤–∞—Ç—å —Ä–∏—Å–∫–∏ –∏ –ø–æ–º–æ—á—å –≤–∞–º —Å—Ç–∞–±–∏–ª—å–Ω–æ –∑–∞—Ä–∞–±–∞—Ç—ã–≤–∞—Ç—å.
–≥—Ä–∞—Ñ–∏–∫, –≤—Ä–µ–º—è —Ä–∞–±–æ—Ç—ã, –∫–æ–≥–¥–∞ –≤—ã –æ—Ç–∫—Ä—ã—Ç—ã, —Ä–∞–±–æ—á–∏–µ —á–∞—Å—ã, –≤–æ —Å–∫–æ–ª—å–∫–æ –æ—Ç–∫—Ä—ã—Ç—ã, –∫–æ–≥–¥–∞ –ø—Ä–∏–Ω–∏–º–∞—Ç—å –∑–∞—è–≤–∫–∏, –∫–æ–≥–¥–∞ —Ä–∞–±–æ—Ç–∞–µ—Ç –æ—Ñ–∏—Å, —Ä–∞—Å–ø–∏—Å–∞–Ω–∏–µ —Ä–∞–±–æ—Ç—ã, –≥—Ä–∞—Ñ–∏–∫ —Ä–∞–±–æ—Ç—ã	–ú—ã —Ä–∞–±–æ—Ç–∞–µ–º –ø–æ –≥—Ä–∞—Ñ–∏–∫—É: üïí –ü–Ω‚Äì–ü—Ç: 10:00 ‚Äì 19:00, ‚ùå –°–±‚Äì–í—Å: –≤—ã—Ö–æ–¥–Ω–æ–π. –¢–∞–∫–∂–µ –≤—ã –º–æ–∂–µ—Ç–µ –Ω–∞–ø–∏—Å–∞—Ç—å –Ω–∞–º –≤ Telegram –∏–ª–∏ WhatsApp –≤ –ª—é–±–æ–µ –≤—Ä–µ–º—è ‚Äî –º—ã –æ—Ç–≤–µ—Ç–∏–º –ø—Ä–∏ –ø–µ—Ä–≤–æ–π –≤–æ–∑–º–æ–∂–Ω–æ—Å—Ç–∏.
–Ω–∞—á–∞–ª–æ –æ–±—É—á–µ–Ω–∏—è, –∫–æ–≥–¥–∞ –Ω–∞—á–∏–Ω–∞—é—Ç—Å—è –∫—É—Ä—Å—ã, —Å–ª–µ–¥—É—é—â–∏–π –ø–æ—Ç–æ–∫, –¥–∞—Ç—ã –æ–±—É—á–µ–Ω–∏—è, –∫–æ–≥–¥–∞ —Å—Ç–∞—Ä—Ç—É–µ—Ç –æ–±—É—á–µ–Ω–∏–µ, —Å—Ç–∞—Ä—Ç –∫—É—Ä—Å–æ–≤, –±–ª–∏–∂–∞–π—à–∏–π –∫—É—Ä—Å, –∫–æ–≥–¥–∞ –±—É–¥–µ—Ç –æ–±—É—á–µ–Ω–∏–µ	–î–∞—Ç—ã –Ω–∞—á–∞–ª–∞ –æ–±—É—á–µ–Ω–∏—è –æ–ø—Ä–µ–¥–µ–ª—è–µ—Ç–µ –í—ã —Å–∞–º–∏. –ü–µ—Ä–µ–π–¥–∏—Ç–µ –Ω–∞ —Å—Ç—Ä–∞–Ω–∏—Ü—É –∫—É—Ä—Å–∞ ‚Äú–¢–æ—Ä–≥–æ–≤–∞—è —Å–∏—Å—Ç–µ–º–∞ Smart Money‚Äù, –∑–∞—Ä–µ–≥–∏—Å—Ç—Ä–∏—Ä—É–π—Ç–µ—Å—å –Ω–∞ —Å–∞–π—Ç–µ –∏ –ø—Ä–æ—Ö–æ–¥–∏—Ç–µ –±–±–æ—É—á–µ–Ω–∏–µ –≤ —É–¥–æ–±–Ω–æ–º –¥–ª—è –í–∞—Å —Ä–µ–∂–∏–º–µ.
–ø–ª–∞—Ç–Ω–æ –ª–∏ —Å–æ–ø—Ä–æ–≤–æ–∂–¥–µ–Ω–∏–µ, —Å–∫–æ–ª—å–∫–æ —Å—Ç–æ–∏—Ç –Ω–∞—Å—Ç–∞–≤–Ω–∏–∫, —Ü–µ–Ω–∞ –º–µ–Ω—Ç–æ—Ä—Å—Ç–≤–∞, –ø–æ–¥–¥–µ—Ä–∂–∫–∞ –ø–ª–∞—Ç–Ω–∞—è, —Å—Ç–æ–∏–º–æ—Å—Ç—å —Å–æ–ø—Ä–æ–≤–æ–∂–¥–µ–Ω–∏—è, —Ü–µ–Ω–∞ —Å–æ–ø—Ä–æ–≤–æ–∂–¥–µ–Ω–∏—è, —Å—Ç–æ–∏–º–æ—Å—Ç—å –ø–æ–¥–¥–µ—Ä–∂–∫–∏	–°–æ–ø—Ä–æ–≤–æ–∂–¥–µ–Ω–∏–µ –∏ –∫–æ–Ω—Å—É–ª—å—Ç–∞—Ü–∏–∏ —Ç—Ä–µ–π–¥–µ—Ä–æ–≤ –ø—Ä–µ–¥–æ—Å—Ç–∞–≤–ª—è—é—Ç—Å—è –Ω–∞ –ø–ª–∞—Ç–Ω–æ–π –æ—Å–Ω–æ–≤–µ. –°–≤—è–∂–∏—Ç–µ—Å—å —Å –Ω–∞–º–∏ [–°–°–´–õ–ö–ê].
–∫–∞–∫ –ø–æ–¥–∫–ª—é—á–∏—Ç—å—Å—è –∫ –∫–æ–ø–∏—Ä–æ–≤–∞–Ω–∏—é —Å–¥–µ–ª–æ–∫, –∫–∞–∫ –Ω–∞—á–∞—Ç—å –ø–∞—Å—Å–∏–≤–Ω—ã–π –¥–æ—Ö–æ–¥, –∫–æ–ø–∏—Ä–æ–≤–∞–Ω–∏–µ —Å–¥–µ–ª–æ–∫ –∫–∞–∫ —Ä–∞–±–æ—Ç–∞–µ—Ç, –ø–æ–¥–∫–ª—é—á–µ–Ω–∏–µ –∫ –∞–≤—Ç–æ—Ç—Ä–µ–π–¥–∏–Ω–≥—É, –ø–æ–¥–∫–ª—é—á–∏—Ç—å copy trading, –∫–∞–∫ –ø–æ–¥–∫–ª—é—á–∏—Ç—å –∫–æ–ø–∏—Ç—Ä–µ–π–¥–∏–Ω–≥, –ø–æ–¥–∫–ª—é—á–µ–Ω–∏–µ –ø–∞—Å—Å–∏–≤–Ω–æ–≥–æ –¥–æ—Ö–æ–¥–∞	–ü–æ–¥–∫–ª—é—á–∏—Ç—å—Å—è –∫ —Å–∏—Å—Ç–µ–º–µ –∫–æ–ø–∏—Ä–æ–≤–∞–Ω–∏—è —Å–¥–µ–ª–æ–∫ –ø—Ä–æ—Å—Ç–æ –∏ –±–µ–∑–æ–ø–∞—Å–Ω–æ. –í–∞—à–∏ —Å—Ä–µ–¥—Å—Ç–≤–∞ –≤—Å–µ–≥–¥–∞ –±—É–¥—É—Ç –Ω–∞—Ö–æ–¥–∏—Ç—å—Å—è –ø–æ–¥ –í–∞—à–∏–º –∫–æ–Ω—Ç—Ä–æ–ª–µ–º. –í—Å–µ —Å–¥–µ–ª–∫–∏ –±—É–¥—É—Ç –∞–≤—Ç–æ–º–∞—Ç–∏—á–µ—Å–∫–∏ –ø–æ–≤—Ç–æ—Ä—è—Ç—å—Å—è –Ω–∞ –≤–∞—à–µ–º —Å—á—ë—Ç–µ. –ü–æ–¥—Ä–æ–±–Ω–µ–µ –í—ã –º–æ–∂–µ—Ç–µ —É–∑–Ω–∞—Ç—å, –Ω–∞–∂–∞–≤ –Ω–∞ –ø—É–Ω–∫—Ç –º–µ–Ω—é ‚Äú–ü–∞—Å—Å–∏–≤—ã–π –¥–æ—Ö–æ–¥ (–∫–æ–ø–∏-—Ç—Ä–µ–π–¥–∏–Ω–≥)‚Äù, –∏–ª–∏ –Ω–∞ <a href=‚Äùhttps://ru.take-profit.pro/copy-trading/‚Äù>–Ω–∞—à–µ–º —Å–∞–π—Ç–µ</a>.
